shop_sku;title;description;brand;ean;category;error
100373;Bâche hiver pour piscine lima - 580 gr/m² - bleu;<strong>Descriptif : </strong> Bâche hiver pour piscine Lima octogonale allongée - ?illet tous les mètres - Bleue dessus - Livrée avec crochets plastiques hors sol - Protection de votre bassin contre salissures et feuilles - très résistante - légère et facile à mettre en place.<br><strong>Matière : </strong> Polyéthylène tissé 280 gr/m².<br><strong>Dimensions de la bâche : </strong> 10.50 x 3.17 m.<br><strong>Colisage : </strong> 1 colis : - 1 x 1 x 1 m, 1 kg.<br>;4452;3700746471115;;Media invalide | Les dimensions de l''image "1593190057_bache_hiver_max.jpg" ne sont pas supportées (Min={Width=537, Height=410}, Max={Width=2500, Height=2500})
103988;Tondeuse à batterie poussée yard force- largeur de coupe 40cm - lm g40a - 40 v - 500 m²;Cette tondeuse YardForce à batterie poussée légère et agile, vous permet de tondre une surperficie allant jusqu'à 500 m² . <br /> Vous apprécierez sa largeur de coupe de 40 cm et sa hauteur de coupe allant jusqu'à 7,5cm.<br style=color: rgb(85, 85, 85); font-family: Arial, Helvetica, sans-serif; text-align: justify; /> <br style=color: rgb(85, 85, 85); font-family: Arial, Helvetica, sans-serif; text-align: justify; /> Son bac de ramassage semi rigide bi-matières en toile et plastique de 45 litres, vous offre une capacité de stockage suffisante pour les petits jardins et vous garantie une vidage simplifiée.<strong><br /> </strong><br /> <br /> <strong>Spécifications techniques :<br /> <br /> </strong>Caractéristiques techniques:<br /> <br /> - Réglage de hauteur de coupe centralisé - Dimensions des roues : 165 mm (avant) / 250 mm (arrière) - Poignée ergonomique<br /> - Largeur de coupe: 400 mm<br /> - Hauteur de coupe : de 250 mm à 750 mm<br /> - Moteur sans balai - Poids 16 kg Autonomie d'utilisation :<br /> <br /> - Voltage : DC 40V 4.0 Ah <br /> - Temps de charge: 80 minutes<br /> - Chargeur 3A Garantie 2 ans <br /> <strong>Niveau SAV</strong> : hotline, e-mail, remplacement des pièces et retour atelier<br /> <br /> Livrée avec Kit Mulching<br /> <br /> <strong>Descriptif : </strong> Tondeuse à batterie poussée Yard Force - LM G40A - 40 V - 500 m².<br><strong>Hauteur de la coupe : </strong> 25-75 mm Largeur de coupe : 40 cm / 16.<br><strong>Vitesse : </strong> Vitesse à vide : 3 200 min-1.<br><strong>Capacité bac : </strong> 45 L.<br><strong>Type de batterie : </strong> Lithium-ion - Voltage : 40 V Puissance de la batterie : 4.0 Ah.<br><strong>Temps de charge de la batterie : </strong> 120 minutes - Chargeur : 3 A.<br><strong>Autonomie de la batterie : </strong> 40 minutes.<br><strong>Matière de carter : </strong> ABS.<br><strong>Nombre de positions de la hauteur de coupe : </strong> 7 positions.<br><strong>Réglage de la hauteur de coupe : </strong> Centralisé.<br><strong>Mulching : </strong> Livré avec kit Mulching.<br><strong>Type de moteur : </strong> Sans balai.<br><strong>Garantie : </strong> 2 ans (hors pièces d'usure) - 6 mois batterie et chargeur.<br><strong>Colisage : </strong> 1 colis : - 0,83 x 0,5 x 0,425 m, 18 kg.<br>;4452;6939500728067;;ECOLABEL est obligatoire pour la catégorie 1399_tondeuseEl
106122;Bâche à bulles  pour piscine venecia - 180 µ - bleu;<strong>Descriptif : </strong> Forme octogonale - 180 microns.<br><strong>Dimensions de la bâche : </strong> 4.84 x 4.84 m.<br><strong>Colisage : </strong> 1 colis : - 11 x 1 x 1 m, 1 kg.<br>;4452;3700746485969;;Media invalide | Les dimensions de l''image "1593190881_1206_61834_vue0.jpg" ne sont pas supportées (Min={Width=537, Height=410}, Max={Width=2500, Height=2500})
106694;Pack tondeuse lm g32 40v + coupe bordure lt g30 40v;<strong>Cette tondeuse YardForc</strong>e électrique Légère et agile, cette tondeuse est idéale pour un usage quotidien. Vous apprécierez sa largeur de coupe de 32 cm et sa hauteur de coupe allant jusqu'à 60mm.<br /> Idéale pour des surfaces de jardin inférieur à 200 m2<br /> <br /> Son bac de ramassage semi rigide bi-matières en toile et plastique de 30 litres, vous offre une capacité de stockage suffisante pour les petits jardins et une vidange simplifié.<br /> <br /> <br /> <strong>Le coupe bordure</strong> YardForce sur batterie est quant à lui idéal pour couper les mauvaises herbes et parfaire les contours de votre jardin, même dans les endroits les plus difficiles d'accès.<br /> <br /> Avec une largeur de coupe de 30 cm, ce coupe bordure sans fil léger et maniable s'adapte à vos besoins pour vous offrir tout le confort nécessaire pour vos travaux de jardinage.<br /> <br /> Le guidon réglable rend l'outil facile à manipuler.<br /> <br /> Colori Orange / noir<br /> <br type=_moz /> <strong>Spécifications techniques :<br /> </strong><br /> <br /> Caractéristiques techniques de la tondeuse: <br /> <br /> - Lame double face - Capacité du sac : 30 Litres <br /> - Largeur de la coupe: 320 mm - Poids 8,7 kg<br /> <br /> Caractéristiques techniques du coupe bordure sans fil : <br /> <br /> - Lame double face<br /> - Diamètre de coupe: 1,2 mm<br /> - Largeur de la coupe : 300 mm<br /> - Poids : 1,75 kg Autonomie d'utilisation de la tondeuse : <br /> <br /> - Voltage : DC 40V <br /> - Durée de la charge : 75 min<br /> <br /> Autonomie d'utilisation du coupe bordure san fil : <br /> <br /> - Voltage : DC 40V 2.5 Ah <br /> - Durée de la charge : 75 min Garantie 2 ans <br /> <strong>Niveau SAV </strong>: e-mail et remplacement des pièces<strong>Colisage : </strong> 1 colis : - 0,722 x 0,404 x 0,37 m, 12,25 kg.<br>;4452;6939500729859;;ECOLABEL est obligatoire pour la catégorie 1399_tondeuseEl
106697;Batterie yardforce 40 v 2.5 ah;Cette batterie Lithium-ion Samsung 25R est compatible avec la gamme de produit Yardforce<br /> <br /> - Tension 40V<br /> - Capacité : 2.5 Ah <br /> - Poids: 2 kg<br /> - Garantie 2 ans <strong>Colisage : </strong> 1 colis : - 0,13 x 0,135 x 0,105 m, 2,2 kg.<br>;4452;6939500728340;;Media invalide | Les dimensions de l''image "1593191000_divers-103994_vue1_Taille_2.jpg" ne sont pas supportées (Min={Width=537, Height=410}, Max={Width=2500, Height=2500})
106732;Bâche hiver pour piscine caimans - 280 gr/m² - bleu;<strong>Descriptif : </strong> Bâche hiver pour piscine Caimans octogonale allongée - ?illet tous les mètres - Bleue dessus - Livrée avec crochets plastiques hors sol - Protection de votre bassin contre salissures et feuilles - très résistante - légère et facile à mettre en place.<br><strong>Matière : </strong> Polyéthylène tissé 280 gr/m².<br><strong>Dimensions de la bâche : </strong> 4.30 X 3.20 m.<br><strong>Dimensions de la piscine : </strong> 4.10 X 3.00 m.<br><strong>Colisage : </strong> 1 colis : - 1 x 1 x 1 m, 1 kg.<br>;4452;3700746487765;;Media invalide | Les dimensions de l''image "1593191003_bache_hiver_max.jpg" ne sont pas supportées (Min={Width=537, Height=410}, Max={Width=2500, Height=2500})
106733;Bâche hiver pour piscine tobago - 280 gr/m² - bleu;<strong>Descriptif : </strong> Bâche hiver pour piscine Tobago octogonale allongée - ?illet tous les mètres - Bleue dessus - Livrée avec crochets plastiques hors sol - Protection de votre bassin contre salissures et feuilles - très résistante - légère et facile à mettre en place.<br><strong>Matière : </strong> Polyéthylène tissé 280 gr/m².<br><strong>Dimensions de la bâche : </strong> 6.40 x 3.20 m.<br><strong>Dimensions de la piscine : </strong> 6.20 x 3.00 m.<br><strong>Colisage : </strong> 1 colis : - 1 x 1 x 1 m, 7 kg.<br>;4452;3700746487932;;Media invalide | Les dimensions de l''image "1593191004_bache_hiver_max.jpg" ne sont pas supportées (Min={Width=537, Height=410}, Max={Width=2500, Height=2500})
117531;Bâche à bulles pour panama - 180 µ - bleu;<br /><strong>Descriptif : </strong> Bâche à bulles bleu pour Panama octogonale - Préserve la propreté de votre bassin - Absorbe l'énergie solaire - Rétention de la chaleur accumulée - Élimine l'évaporation d'eau - Évite la photosynthèse - Réduit l'utilisation des produits chimiques - Maintient la température la nuit.<br><strong>Matière : </strong> Polyéthylène 180 µ.<br><strong>Dimensions de la bâche : </strong> 5.67 x 3.57 m.<br><strong>Colisage : </strong> 1 colis : - 1 x 1 x 1 m, 5 kg.<br>;4452;3700746488038;;Media invalide | Les dimensions de l''image "1593191007_bache_ete_max.jpg" ne sont pas supportées (Min={Width=537, Height=410}, Max={Width=2500, Height=2500})
117532;Bâche à bulles pour panama - 400 µ - bordée 1 coté - bleu;<br /><strong>Descriptif : </strong> Bâche à bulles bleu pour Panama octogonale - Préserve la propreté de votre bassin - Absorbe l'énergie solaire - Rétention de la chaleur accumulée - Élimine l'évaporation d'eau - Évite la photosynthèse - Réduit l'utilisation des produits chimiques - Maintient la température la nuit.<br><strong>Matière : </strong> Polyéthylène 400 µ.<br><strong>Dimensions de la bâche : </strong> 5.67 x 3.57 m.<br><strong>Colisage : </strong> 1 colis : - 1 x 1 x 1 m, 8 kg.<br>;4452;3700746488045;;Media invalide | Les dimensions de l''image "1593191008_bache_ete_max.jpg" ne sont pas supportées (Min={Width=537, Height=410}, Max={Width=2500, Height=2500})
117540;Bâche à bulles pour aruba - 400 µ - bordée 1 coté - bleu;<br /><strong>Descriptif : </strong> Bâche à bulles bleu pour Aruba octogonale - Préserve la propreté de votre bassin - Absorbe l'énergie solaire - Rétention de la chaleur accumulée - Élimine l'évaporation d'eau - Évite la photosynthèse - Réduit l'utilisation des produits chimiques - Maintient la température la nuit.<br><strong>Matière : </strong> Polyéthylène 400 µ.<br><strong>Dimensions de la bâche : </strong> 4.47 x 2.47 m.<br><strong>Colisage : </strong> 1 colis : - 1 x 1 x 1 m, 6 kg.<br>;4452;3700746487895;;Media invalide | Les dimensions de l''image "1593191013_bache_ete_max.jpg" ne sont pas supportées (Min={Width=537, Height=410}, Max={Width=2500, Height=2500})
117541;Bâche à bulles pour aruba - 180 µ - bleu;<br /><strong>Descriptif : </strong> Bâche à bulles bleu pour Aruba octogonale - Préserve la propreté de votre bassin - Absorbe l'énergie solaire - Rétention de la chaleur accumulée - Élimine l'évaporation d'eau - Évite la photosynthèse - Réduit l'utilisation des produits chimiques - Maintient la température la nuit.<br><strong>Matière : </strong> Polyéthylène 180 µ.<br><strong>Dimensions de la bâche : </strong> 4.47 x 2.47 m.<br><strong>Colisage : </strong> 1 colis : - 1 x 1 x 1 m, 5 kg.<br>;4452;3700746487901;;Media invalide | Les dimensions de l''image "1593191014_bache_ete_max.jpg" ne sont pas supportées (Min={Width=537, Height=410}, Max={Width=2500, Height=2500})
117542;Bâche hiver pour piscine aruba - 580 gr/m² - bleu;<strong>Descriptif : </strong> Bâche hiver pour piscine Aruba octogonale allongée - ?illet tous les mètres - Bleue dessus - Livrée avec crochets plastiques hors sol - Protection de votre bassin contre salissures et feuilles - très résistante - légère et facile à mettre en place.<br><strong>Matière : </strong> Polyéthylène tissé 580 gr/m².<br><strong>Dimensions de la bâche : </strong> 5.70 x 3.70 m.<br><strong>Dimensions de la piscine : </strong> 5.00 x 3.00 m.<br><strong>Colisage : </strong> 1 colis : - 1 x 1 x 1 m, 10 kg.<br>;4452;3700746487918;;Media invalide | Les dimensions de l''image "1593191015_bache_hiver_max.jpg" ne sont pas supportées (Min={Width=537, Height=410}, Max={Width=2500, Height=2500})
118105;Bâche hiver pour piscine tobago - 580 gr/m² - bleu;<strong>Descriptif : </strong> Bâche hiver pour piscine Tobago octogonale allongée - ?illet tous les mètres - Bleue dessus - Livrée avec crochets plastiques hors sol - Protection de votre bassin contre salissures et feuilles - très résistante - légère et facile à mettre en place.<br><strong>Matière : </strong> Polyéthylène tissé 580 gr/m².<br><strong>Dimensions de la piscine : </strong> 6.20 X 3.00 m.<br><strong>Colisage : </strong> 1 colis : - 1 x 1 x 1 m, 10 kg.<br>;4452;3700746487949;;Media invalide | Les dimensions de l''image "1593191016_bache_hiver_max.jpg" ne sont pas supportées (Min={Width=537, Height=410}, Max={Width=2500, Height=2500})
118106;Bâche à bulles pour tobago - 180 µ - bleu;<br /><strong>Descriptif : </strong> Bâche à bulles bleu pour Tobago octogonale - Préserve la propreté de votre bassin - Absorbe l'énergie solaire - Rétention de la chaleur accumulée - Élimine l'évaporation d'eau - Évite la photosynthèse - Réduit l'utilisation des produits chimiques - Maintient la température la nuit.<br><strong>Matière : </strong> Polyéthylène 180 µ.<br><strong>Dimensions de la bâche : </strong> 5.67 x 2.47 m.<br><strong>Colisage : </strong> 1 colis : - 1 x 1 x 1 m, 4 kg.<br>;4452;3700746487956;;Media invalide | Les dimensions de l''image "1593191017_bache_ete_max.jpg" ne sont pas supportées (Min={Width=537, Height=410}, Max={Width=2500, Height=2500})
118107;Bâche à bulles pour tobago - 400 µ - bordée 1 coté - bleu;<br /><strong>Descriptif : </strong> Bâche à bulles bleu pour Tobago octogonale - Préserve la propreté de votre bassin - Absorbe l'énergie solaire - Rétention de la chaleur accumulée - Élimine l'évaporation d'eau - Évite la photosynthèse - Réduit l'utilisation des produits chimiques - Maintient la température la nuit.<br><strong>Matière : </strong> Polyéthylène 400 µ.<br><strong>Dimensions de la bâche : </strong> 5.67 x 2.47 m.<br><strong>Colisage : </strong> 1 colis : - 1 x 1 x 1 m, 5 kg.<br>;4452;3700746487963;;Media invalide | Les dimensions de l''image "1593191018_bache_ete_max.jpg" ne sont pas supportées (Min={Width=537, Height=410}, Max={Width=2500, Height=2500})
118355;Bâche hiver pour piscine caimans - 580 gr/m² - bleu;<strong>Descriptif : </strong> Bâche hiver pour piscine Caimans octogonale allongée - ?illet tous les mètres - Bleue dessus - Livrée avec crochets plastiques hors sol - Protection de votre bassin contre salissures et feuilles - très résistante - légère et facile à mettre en place.<br><strong>Matière : </strong> Polyéthylène tissé 580 gr/m².<br><strong>Dimensions de la bâche : </strong> 4.30 X 3.20 m.<br><strong>Dimensions de la piscine : </strong> 4.10 X 3.00 m.<br><strong>Colisage : </strong> 1 colis : - 1 x 1 x 1 m, 9 kg.<br>;4452;3700746487772;;Media invalide | Les dimensions de l''image "1593191021_bache_hiver_max.jpg" ne sont pas supportées (Min={Width=537, Height=410}, Max={Width=2500, Height=2500})
118365;Bâche à bulles pour caimans - 400 µ - bordée 1 coté - bleu;<br /><strong>Descriptif : </strong> Bâche à bulles bleu pour Caimans octogonale - Préserve la propreté de votre bassin - Absorbe l'énergie solaire - Rétention de la chaleur accumulée - Élimine l'évaporation d'eau - Évite la photosynthèse - Réduit l'utilisation des produits chimiques - Maintient la température la nuit.<br><strong>Matière : </strong> Polyéthylène 400 µ.<br><strong>Dimensions de la bâche : </strong> 3.57 x 2.47 m.<br><strong>Colisage : </strong> 1 colis : - 1 x 1 x 1 m, 4 kg.<br>;4452;3700746487819;;Media invalide | Les dimensions de l''image "1593191024_bache_ete_max.jpg" ne sont pas supportées (Min={Width=537, Height=410}, Max={Width=2500, Height=2500})
118367;Bâche à bulles pour caimans - 180 µ - bleu;<br /><strong>Descriptif : </strong> Bâche à bulles bleu pour Panama octogonale - Préserve la propreté de votre bassin - Absorbe l'énergie solaire - Rétention de la chaleur accumulée - Élimine l'évaporation d'eau - Évite la photosynthèse - Réduit l'utilisation des produits chimiques - Maintient la température la nuit.<br><strong>Matière : </strong> Polyéthylène 180 µ.<br><strong>Dimensions de la bâche : </strong> 5.67 x 3.57 m.<br><strong>Colisage : </strong> 1 colis : - 1 x 1 x 1 m, 5 kg.<br>;4452;3700746487826;;Media invalide | Les dimensions de l''image "1593191025_bache_ete_max.jpg" ne sont pas supportées (Min={Width=537, Height=410}, Max={Width=2500, Height=2500})
118369;Bâche hiver pour piscine caimans - 580 gr/m² - bleu;<strong>Descriptif : </strong> Bâche hiver pour piscine Caimans octogonale allongée - ?illet tous les mètres - Bleue dessus - Livrée avec crochets plastiques hors sol - Protection de votre bassin contre salissures et feuilles - très résistante - légère et facile à mettre en place.<br><strong>Matière : </strong> Polyéthylène tissé 580 gr/m².<br><strong>Dimensions de la bâche : </strong> 4.30 x 3.20 m.<br><strong>Dimensions de la piscine : </strong> 4.10 x 3.00 m.<br><strong>Colisage : </strong> 1 colis : - 1 x 1 x 1 m, 9 kg.<br>;4452;3700746487833;;Media invalide | Les dimensions de l''image "1593191026_bache_hiver_max.jpg" ne sont pas supportées (Min={Width=537, Height=410}, Max={Width=2500, Height=2500})
4297;Pompe centrifuge dp06 en plastique;Pompe centrifuge à immersion DP06 sur 2 piles R20.   Usage domestique.   Transvasement de liquide. Kérosène et huile légère.   Débit 7 à 9 L/mn, canne 370 mm, flexible 600 mm, masse 300 g. <br />    <strong>Poids : </strong> 1 kg.<br><strong>Colisage : </strong> 1 colis : - 1 x 1 x 1 m, 1 kg.<br><strong>Type pompe : </strong> Centrifuge.<br>;4452;3700746486218;;Media invalide | Les dimensions de l''image "1593191033_162_dp06.jpg" ne sont pas supportées (Min={Width=537, Height=410}, Max={Width=2500, Height=2500})
49474;Materiel d'hivernage - kit d'hivernage pour piscine de 30m3;Le kit matériel d'hivernage pour piscine de 30m3   2 Gizzmos à visser dans le fond du skimmer après avoir retiré le panier   3 bouchons caoutchouc 1 1/2 à poser sur le refoulement et la prise balai   12 flotteurs de 50 cm qui s'accrochent les uns aux autres et se posent en diagonale sur l'eau <strong>Poids : </strong> 15 kg.<br><strong>Colisage : </strong> 1 colis : - 0,48 x 0,34 x 0,515 m, 26 kg.<br>;4452;3700746401228;;Media invalide | Les dimensions de l''image "1593191036_470_Kitmat.jpg" ne sont pas supportées (Min={Width=537, Height=410}, Max={Width=2500, Height=2500})
50986;Enrouleur de bâche été piscine hors-sol;Pratique, cet enrouleur vous aidera à positionner rapidement votre bâche sur votre piscine. Clipsable sur les côtés, vous pourrez aisément l'enlever puis le repositionner à souhait.<strong>Utilisation : </strong> Pour piscine hors-sol.<br><strong>Longueur : </strong> De 6 à 9 m.<br><strong>Poids : </strong> 12 kg.<br><strong>Colisage : </strong> 2 colis : - 0,3 x 0,3 x 0,3 m, 5 kg - 2,46 x 0,16 x 0,9 m, 6,8 kg.<br>;4452;3700746400160;;Media invalide | Les dimensions de l''image "1593191041_932_bd4166_vue0.jpg" ne sont pas supportées (Min={Width=537, Height=410}, Max={Width=2500, Height=2500})
51815;Materiel d'hivernage - kit d'hivernage pour piscine jusqu'à 40m3;Le kit matériel d'hivernage pour piscine jusqu'à 40m3<br type=_moz />                      2 Gizzmos à visser dans le fond du skimmer après avoir retiré le panier         3 bouchons caoutchouc 1 1/2 à poser sur le refoulement et la prise balai         20 flotteurs de 50 cm qui s'accrochent les uns aux autres et se posent en diagonale sur l'eau                     <strong>Poids : </strong> 39 kg.<br><strong>Colisage : </strong> 2 colis : - 0,48 x 0,345 x 0,515 m, 20 kg - 0,48 x 0,345 x 0,515 m, 19 kg.<br><strong>Type de produit : </strong> Flotteurs.<br>;4452;3700746401631;;Media invalide | Les dimensions de l''image "1593191055_470_Kitmat.jpg" ne sont pas supportées (Min={Width=537, Height=410}, Max={Width=2500, Height=2500})
55025;Bâche à bulles pour piscine rio - 400 µ - bordée 1 côté - bleu;<br /><strong>Descriptif : </strong> Bâche à bulles bleu pour piscine RIO octogonale - Préserve la propreté de votre bassin - Absorbe l'énergie solaire - Rétention de la chaleur accumulée - Élimine l'évaporation d'eau - Évite la photosynthèse - Réduit l'utilisation des produits chimiques - Maintient la température la nuit.<br><strong>Matière : </strong> Polyéthylène 400 µ.<br><strong>Dimensions de la bâche : </strong> 5.07 X 3.16 m .<br><strong>Colisage : </strong> 1 colis : - 68 x 56 x 52 m, 6 kg.<br>;4452;3700746438477;;Media invalide | Les dimensions de l''image "1593191069_bache_ete_max.jpg" ne sont pas supportées (Min={Width=537, Height=410}, Max={Width=2500, Height=2500})
55026;Bâche à bulles pour baléares / cancun - 400µ - bordée 1 coté - bleu;<br /><strong>Descriptif : </strong> Bâche à bulles bleu pour Baléares / Cancun octogonale - Préserve la propreté de votre bassin - Absorbe l'énergie solaire - Rétention de la chaleur accumulée - Élimine l'évaporation d'eau - Évite la photosynthèse - Réduit l'utilisation des produits chimiques - Maintient la température la nuit.<br><strong>Matière : </strong> Polyéthylène 400 µ.<br><strong>Dimensions de la bâche : </strong> 6.00 x 3.90 m.<br><strong>Colisage : </strong> 1 colis : - 0,9 x 0,6 x 0,6 m, 8 kg.<br>;4452;3700746407565;;Media invalide | Les dimensions de l''image "1593191070_bache_ete_max.jpg" ne sont pas supportées (Min={Width=537, Height=410}, Max={Width=2500, Height=2500})
55027;Bâche à bulles pour piscine hawai - 400 µ - bordée 1 coté - bleu;<br /><strong>Descriptif : </strong> Bâche à bulles bleu pour piscine Hawaï hexagonale - Préserve la propreté de votre bassin - Absorbe l'énergie solaire - Rétention de la chaleur accumulée - Élimine l'évaporation d'eau - Évite la photosynthèse - Réduit l'utilisation des produits chimiques - Maintient la température la nuit.<br><strong>Matière : </strong> Polyéthylène 400 µ.<br><strong>Dimensions de la bâche : </strong> Ø 3.60 m.<br><strong>Colisage : </strong> 1 colis : - 1 x 1 x 1 m, 1 kg.<br>;4452;3700746444799;;Media invalide | Les dimensions de l''image "1593191071_bache_ete_max.jpg" ne sont pas supportées (Min={Width=537, Height=410}, Max={Width=2500, Height=2500})
55029;Bâche hiver cover1 pour piscine rio 580 gr/m²;<strong>Descriptif : </strong> Bâche hiver pour piscine Rio octogonale allongée - Ourlet de renfort - Sandow périphérique - Trous d'évacuation des eaux pluviales - Traité anti-UV - Oeillet tous les 80 cm environ.<br><strong>Matière : </strong> PVC 580 gr/m².<br><strong>Dimensions de la piscine : </strong> 5.60 X 3.70.<br><strong>Poids : </strong> 6.<br><strong>Colisage : </strong> 1 colis : - 68 x 56 x 52 m, 6 kg.<br>;4452;3700746407206;;Media invalide | Les dimensions de l''image "1593191072_bache_hiver_max.jpg" ne sont pas supportées (Min={Width=537, Height=410}, Max={Width=2500, Height=2500})
55030;Bâche hiver cover 1 pour piscine baléares;<strong>Descriptif : </strong> Bâche hiver pour piscine Baléares octogonale allongée - Ourlet de renfort - Sandow périphérique - Trous d'évacuation des eaux pluviales - Traité anti-UV - Oeillet tous les 80 cm environ.<br><strong>Matière : </strong> PVC 580 gr/m².<br><strong>Dimensions de la piscine : </strong> 6.50 x 4.40 m.<br><strong>Poids : </strong> 9.<br><strong>Colisage : </strong> 1 colis : - 0,90 x 0,60 x 0,60 m, 9 kg.<br>;4452;3700746459786;;Media invalide | Les dimensions de l''image "1593191073_bache_hiver_max.jpg" ne sont pas supportées (Min={Width=537, Height=410}, Max={Width=2500, Height=2500})
55031;Bâche hiver cover 1 pour piscine hawai - 580 gr/m²;<br /><strong>Descriptif : </strong> Bâche hiver pour piscine Hawaï hexagonale - Ourlet de renfort - Sandow périphérique - Trous d'évacuation des eaux pluviales - Traité anti-UV - Oeillet tous les 80 cm environ.<br><strong>Matière : </strong> PVC 580 gr/m².<br><strong>Dimensions de la piscine : </strong> Ø 4.10 m.<br><strong>Colisage : </strong> 1 colis : - 1 x 1 x 1 m, 1 kg.<br>;4452;3700746486560;;Media invalide | Les dimensions de l''image "1593191074_bache_hiver_max.jpg" ne sont pas supportées (Min={Width=537, Height=410}, Max={Width=2500, Height=2500})
61834;Bâche à bulles pour piscine ibiza / sevilla - 400 µ - bordée 1 côté - bleu;<strong>Descriptif : </strong> Bâche à bulles bleu pour piscine Ibiza / Sevilla octogonale - Préserve la propreté de votre bassin - Absorbe l'énergie solaire - Rétention de la chaleur accumulée - Élimine l'évaporation d'eau - Évite la photosynthèse - Réduit l'utilisation des produits chimiques - Maintient la température la nuit.<br><strong>Matière : </strong> Polyéthylène 400 µ.<br><strong>Dimensions de la bâche : </strong> 8.04 x 4.04m.<br><strong>Colisage : </strong> 1 colis : - 1 x 1 x 1 m, 1 kg.<br>;4452;3700746407411;;Media invalide | Les dimensions de l''image "1593191121_1206_61834_vue0.jpg" ne sont pas supportées (Min={Width=537, Height=410}, Max={Width=2500, Height=2500})
65399;Bâche à bulles pour piscine hawai - 180µ  - bleu;<strong>Colisage : </strong> 1 colis : - 1 x 1 x 1 m, 3 kg.<br>;4452;3700746441866;;Media invalide | Les dimensions de l''image "1593191140_bache_ete_max_Taille_2.jpg" ne sont pas supportées (Min={Width=537, Height=410}, Max={Width=2500, Height=2500})
66544;Bâche à  bulles pour piscine palma / havana - 400 µ - bordée 1 cà´té - bleu;<strong>Descriptif : </strong> Bâche à bulles bleu pour Palma / Havana octogonale - Préserve la propreté de votre bassin - Absorbe l'énergie solaire - Rétention de la chaleur accumulée - Élimine l'évaporation d'eau - Évite la photosynthèse - Réduit l'utilisation des produits chimiques - Maintient la température la nuit.<br><strong>Matière : </strong> Polyéthylène 400 µ.<br><strong>Dimensions de la bâche : </strong> 7.04 x 3.54 m.<br><strong>Colisage : </strong> 1 colis : - 68 x 56 x 52 m, 9 kg.<br>;4452;3700746421547;;Media invalide | Les dimensions de l''image "1593191176_1206_61834_vue0.jpg" ne sont pas supportées (Min={Width=537, Height=410}, Max={Width=2500, Height=2500})
66545;Bâche à bulles pour piscine brazilia - 400 µ - bordée 1 côté - bleu;<strong>Descriptif : </strong> Bâche à bulles bleu pour piscine Brazilia octogonale - Préserve la propreté de votre bassin - Absorbe l'énergie solaire - Rétention de la chaleur accumulée - Élimine l'évaporation d'eau - Évite la photosynthèse - Réduit l'utilisation des produits chimiques - Maintient la température la nuit.<br><strong>Matière : </strong> Polyéthylène 400 µ.<br><strong>Dimensions de la bâche : </strong> 5.33 x 3.33 m.<br><strong>Colisage : </strong> 1 colis : - 0,68 x 0,56 x 0,52 m, 7 kg.<br>;4452;3700746421554;;Media invalide | Les dimensions de l''image "1593191177_1206_61834_vue0.jpg" ne sont pas supportées (Min={Width=537, Height=410}, Max={Width=2500, Height=2500})
66546;Bâche à bulles pour piscine florida - 400 µ - bordée 1 coté - bleu;<strong>Descriptif : </strong> Bâche à bulles bleu pour Florida octogonale - Préserve la propreté de votre bassin - Absorbe l'énergie solaire - Rétention de la chaleur accumulée - Élimine l'évaporation d'eau - Évite la photosynthèse - Réduit l'utilisation des produits chimiques - Maintient la température la nuit.<br><strong>Matière : </strong> Polyéthylène 400 µ.<br><strong>Dimensions de la bâche : </strong> 6.04 x 4.04 m.<br><strong>Colisage : </strong> 1 colis : - 0,9 x 0,6 x 0,6 m, 9 kg.<br>;4452;3700746421561;;Media invalide | Les dimensions de l''image "1593191178_1206_61834_vue0.jpg" ne sont pas supportées (Min={Width=537, Height=410}, Max={Width=2500, Height=2500})
66547;Bâche à bulles pour piscine sao paulo - 400 µ - bordée 1 côté - bleu;<strong>Descriptif : </strong> Bâche à bulles bleu pour piscine Sao Paulo octogonale - Préserve la propreté de votre bassin - Absorbe l'énergie solaire - Rétention de la chaleur accumulée - Élimine l'évaporation d'eau - Évite la photosynthèse - Réduit l'utilisation des produits chimiques - Maintient la température la nuit.<br><strong>Matière : </strong> Polyéthylène 400 µ.<br><strong>Dimensions de la bâche : </strong> 6.04 x 3.54 m.<br><strong>Colisage : </strong> 1 colis : - 90 x 60 x 60 m, 8 kg.<br>;4452;3700746421578;;Media invalide | Les dimensions de l''image "1593191179_1206_61834_vue0.jpg" ne sont pas supportées (Min={Width=537, Height=410}, Max={Width=2500, Height=2500})
66548;Bâche à bulles pour piscine miami - 400 µ - bordée 1 coté - bleu;<strong>Descriptif : </strong> Bâche à bulles bleu pour piscine Miami octogonale - Préserve la propreté de votre bassin - Absorbe l'énergie solaire - Rétention de la chaleur accumulée - Élimine l'évaporation d'eau - Évite la photosynthèse - Réduit l'utilisation des produits chimiques - Maintient la température la nuit.<br><strong>Matière : </strong> Polyéthylène 400 µ.<br><strong>Dimensions de la bâche : </strong> 4.42 X 2.92 m .<br><strong>Colisage : </strong> 1 colis : - 68 x 56 x 52 m, 5 kg.<br>;4452;3700746421585;;Media invalide | Les dimensions de l''image "1593191180_1206_61834_vue0.jpg" ne sont pas supportées (Min={Width=537, Height=410}, Max={Width=2500, Height=2500})
66552;Bâche hiver cover 1 pour piscine ibiza - 580 gr/m²;<strong>Descriptif : </strong> Bâche hiver pour piscine Ibiza octogonale allongée - Ourlet de renfort - Sandow périphérique - Trous d'évacuation des eaux pluviales - Traité anti-UV - Oeillet tous les 80 cm environ.<br><strong>Matière : </strong> PVC 580 gr/m².<br><strong>Dimensions de la piscine : </strong> 8.57 x 4.57.<br><strong>Poids : </strong> 12 kg.<br><strong>Colisage : </strong> 1 colis : - 1 x 1 x 1 m, 1 kg.<br>;4452;3700746421622;;Media invalide | Les dimensions de l''image "1593191181_bache_hiver_max.jpg" ne sont pas supportées (Min={Width=537, Height=410}, Max={Width=2500, Height=2500})
66577;Bâche hiver cover 1 pour piscine palma - 580 gr/m²;<strong>Descriptif : </strong> Bâche hiver pour piscine Palma octogonale allongée - Ourlet de renfort - Sandow périphérique - Trous d'évacuation des eaux pluviales - Traité anti-UV - Oeillet tous les 80 cm environ.<br><strong>Matière : </strong> PVC 580 gr/m².<br><strong>Dimensions de la piscine : </strong> 7.51 x 4.07.<br><strong>Poids : </strong> 9 kg.<br><strong>Colisage : </strong> 1 colis : - 0,68 x 0,56 x 0,52 m, 9 kg.<br>;4452;3700746421639;;Media invalide | Les dimensions de l''image "1593191185_bache_hiver_max.jpg" ne sont pas supportées (Min={Width=537, Height=410}, Max={Width=2500, Height=2500})
66578;Bâche hiver cover 1 pour piscine brazilia - 580 gr/m²;<strong>Descriptif : </strong> Bâche hiver pour piscine Brazilia octogonale allongée - Ourlet de renfort - Sandow périphérique - Trous d'évacuation des eaux pluviales - Traité anti-UV - Oeillet tous les 80 cm environ.<br><strong>Matière : </strong> PVC 580 gr/m².<br><strong>Dimensions de la piscine : </strong> 5.86 x 3.86.<br><strong>Poids : </strong> 7 kg.<br><strong>Colisage : </strong> 1 colis : - 68 x 56 x 52 m, 7 kg.<br>;4452;3700746421646;;Media invalide | Les dimensions de l''image "1593191186_bache_hiver_max.jpg" ne sont pas supportées (Min={Width=537, Height=410}, Max={Width=2500, Height=2500})
66579;Bâche hiver cover 1 pour piscine florida - 580 gr/m²;<strong>Descriptif : </strong> Bâche hiver pour piscine Florida octogonale allongée - Ourlet de renfort - Sandow périphérique - Trous d'évacuation des eaux pluviales - Traité anti-UV - Oeillet tous les 80 cm environ.<br><strong>Matière : </strong> PVC 580 gr/m².<br><strong>Dimensions de la piscine : </strong> 6.57 x 4.57 m.<br><strong>Poids : </strong> 10 kg.<br><strong>Colisage : </strong> 1 colis : - 0,9 x 0,6 x 0,6 m, 10 kg.<br>;4452;3700746421653;;Media invalide | Les dimensions de l''image "1593191187_bache_hiver_max.jpg" ne sont pas supportées (Min={Width=537, Height=410}, Max={Width=2500, Height=2500})
66580;Bâche hiver cover 1 pour piscine sao paulo - 580 gr/m²;<strong>Descriptif : </strong> Bâche hiver pour piscine Sao Paulo octogonale allongée - Ourlet de renfort - Sandow périphérique - Trous d'évacuation des eaux pluviales - Traité anti-UV - Oeillet tous les 80 cm environ.<br><strong>Matière : </strong> PVC 580 gr/m².<br><strong>Dimensions de la piscine : </strong> 6.57 x 4.07 m.<br><strong>Poids : </strong> 8 kg.<br><strong>Colisage : </strong> 1 colis : - 68 x 56 x 52 m, 8 kg.<br>;4452;3700746421660;;Media invalide | Les dimensions de l''image "1593191188_bache_hiver_max.jpg" ne sont pas supportées (Min={Width=537, Height=410}, Max={Width=2500, Height=2500})
66581;Bâche hiver cover 1 pour piscine miami - 580 gr/m²;<strong>Descriptif : </strong> Bâche hiver pour piscine Miami octogonale - ?illet tous les mètres - Bleue dessus - Livrée avec crochets plastiques hors sol - Protection de votre bassin contre salissures et feuilles - très résistante - légère et facile à mettre en place.<br><strong>Matière : </strong> PVC 580 gr/m².<br><strong>Dimensions de la piscine : </strong> 4.86 X 3.36 m.<br><strong>Poids : </strong> 5 kg.<br><strong>Colisage : </strong> 1 colis : - 0,68 x 0,56 x 0,52 m, 5 kg.<br>;4452;3700746421677;;Media invalide | Les dimensions de l''image "1593191189_bache_hiver_max.jpg" ne sont pas supportées (Min={Width=537, Height=410}, Max={Width=2500, Height=2500})
66582;Bâche hiver cover 1 pour piscine cancun - 580 gr/m²;<strong>Descriptif : </strong> Bâche hiver pour piscine Cancun octogonale - Ourlet de renfort - Sandow périphérique - Trous d'évacuation des eaux pluviales - Traité anti-UV - Oeillet tous les 80 cm environ.<br><strong>Matière : </strong> PVC 580 gr/m².<br><strong>Dimensions de la piscine : </strong> 6.53 x 4.41.<br><strong>Poids : </strong> 8 kg.<br><strong>Colisage : </strong> 1 colis : - 90 x 60 x 60 m, 8 kg.<br>;4452;3700746421684;;Media invalide | Les dimensions de l''image "1593191190_bache_hiver_max.jpg" ne sont pas supportées (Min={Width=537, Height=410}, Max={Width=2500, Height=2500})
66583;Bâche hiver cover 1 pour piscine havana - 580 gr/m²;<strong>Descriptif : </strong> Bâche hiver pour piscine Havana octogonale allongée - Ourlet de renfort - Sandow périphérique - Trous d'évacuation des eaux pluviales - Traité anti-UV - Oeillet tous les 80 cm environ.<br><strong>Matière : </strong> PVC 580 gr/m².<br><strong>Dimensions de la piscine : </strong> 7.51 x 4.07.<br><strong>Poids : </strong> 1 kg.<br><strong>Colisage : </strong> 1 colis : - 68 x 56 x 52 m, 9 kg.<br>;4452;3700746421691;;Media invalide | Les dimensions de l''image "1593191191_bache_hiver_max.jpg" ne sont pas supportées (Min={Width=537, Height=410}, Max={Width=2500, Height=2500})
66584;Bâche hiver cover 1 pour piscine sevilla - 580 gr/m²;<strong>Descriptif : </strong> Bâche hiver pour piscine Séville octogonale allongée - Ourlet de renfort - Sandow périphérique - Trous d'évacuation des eaux pluviales - Traité anti-UV - Oeillet tous les 80 cm environ.<br><strong>Matière : </strong> PVC 580 gr/m².<br><strong>Dimensions de la piscine : </strong> 8.57 x 4.57.<br><strong>Poids : </strong> 12 kg.<br><strong>Colisage : </strong> 1 colis : - 0,6 x 0,6 x 0,5 m, 12 kg.<br>;4452;3700746421707;;Media invalide | Les dimensions de l''image "1593191192_bache_hiver_max.jpg" ne sont pas supportées (Min={Width=537, Height=410}, Max={Width=2500, Height=2500})
68779;Bâche hiver cover 1 pour piscine verona - 580 gr/m²;<strong>Descriptif : </strong> Bâche hiver pour piscine Verona octogonale - Ourlet de renfort - Sandow périphérique - Trous d'évacuation des eaux pluviales - Traité anti-UV - ?illet tous les 80 cm environ.<br><strong>Matière : </strong> PVC 580 gr/m².<br><strong>Dimensions de la piscine : </strong> 5.10 x 1.20 m.<br><strong>Poids : </strong> 1 kg.<br><strong>Colisage : </strong> 1 colis : - 1 x 1 x 1 m, 1 kg.<br>;4452;3700746428003;;Media invalide | Les dimensions de l''image "1593191361_bache_hiver_max.jpg" ne sont pas supportées (Min={Width=537, Height=410}, Max={Width=2500, Height=2500})
68782;Bâche à bulles pour piscine verona - 400 µ - bordée 1 côté - bleu;<strong>Descriptif : </strong> Bâche à bulles bleue pour piscine Miami octogonale - Préserve la propreté de votre bassin - Absorbe l'énergie solaire - Rétention de la chaleur accumulée - Élimine l'évaporation d'eau - Évite la photosynthèse - Réduit l'utilisation des produits chimiques - Maintient la température la nuit.<br><strong>Matière : </strong> Polyéthylène 400 µ.<br><strong>Dimensions de la bâche : </strong> 4.71 x 1.16 m.<br><strong>Colisage : </strong> 1 colis : - 1 x 1 x 1 m, 1 kg.<br>;4452;3700746428034;;Media invalide | Les dimensions de l''image "1593191362_1206_61834_vue0.jpg" ne sont pas supportées (Min={Width=537, Height=410}, Max={Width=2500, Height=2500})
69001;Bâche à bulles  pour piscine venecia - 400 µ - bordée 1 côté - bleu;<strong>Descriptif : </strong> Forme octogonale - 400 microns.<br><strong>Dimensions de la bâche : </strong> 4.84 x 4.84 m.<br><strong>Colisage : </strong> 1 colis : - 1 x 1 x 1 m, 8 kg.<br>;4452;3700746459830;;Media invalide | Les dimensions de l''image "1593191373_1206_61834_vue0.jpg" ne sont pas supportées (Min={Width=537, Height=410}, Max={Width=2500, Height=2500})
69003;Bâche hiver cover 1 pour piscine venecia - 580 gr/m²;<strong>Descriptif : </strong> Bâche hiver pour piscine Venecia octogonale - Ourlet de renfort - Sandow périphérique - Trous d'évacuation des eaux pluviales - Traité anti-UV - Oeillet tous les 80 cm environ.<br><strong>Matière : </strong> PVC 580 gr/m².<br><strong>Dimensions de la piscine : </strong> 5.80 X 1.31 m.<br><strong>Poids : </strong> 8 kgs.<br><strong>Colisage : </strong> 1 colis : - 1 x 1 x 1 m, 1 kg.<br>;4452;3700746459847;;Media invalide | Les dimensions de l''image "1593191374_bache_hiver_max.jpg" ne sont pas supportées (Min={Width=537, Height=410}, Max={Width=2500, Height=2500})
80549;Bâche à bulles pour piscine miami - 180 µ - bleu;<strong>Descriptif : </strong> Bâche à bulles bleu pour piscine Miami octogonale - Préserve la propreté de votre bassin - Absorbe l'énergie solaire - Rétention de la chaleur accumulée - Élimine l'évaporation d'eau - Évite la photosynthèse - Réduit l'utilisation des produits chimiques - Maintient la température la nuit.<br><strong>Matière : </strong> Polyéthylène 180 µ.<br><strong>Dimensions de la bâche : </strong> 4.42 X 2.92 m .<br><strong>Colisage : </strong> 1 colis : - 61 x 43 x 41 m, 3 kg.<br>;4452;3700746438484;;Media invalide | Les dimensions de l''image "1593191682_1206_61834_vue0.jpg" ne sont pas supportées (Min={Width=537, Height=410}, Max={Width=2500, Height=2500})
80552;Bâche à bulles pour piscine rio - 180 µ - bleu;<br /><strong>Descriptif : </strong> Bâche à bulles bleu pour piscine Rio octogonale - Préserve la propreté de votre bassin - Absorbe l'énergie solaire - Rétention de la chaleur accumulée - Élimine l'évaporation d'eau - Évite la photosynthèse - Réduit l'utilisation des produits chimiques - Maintient la température la nuit.<br><strong>Matière : </strong> Polyéthylène 180 µ.<br><strong>Dimensions de la bâche : </strong> 5.07 X 3.16 m .<br><strong>Colisage : </strong> 1 colis : - 61 x 43 x 41 m, 3 kg.<br>;4452;3700746438491;;Media invalide | Les dimensions de l''image "1593191683_bache_ete_max.jpg" ne sont pas supportées (Min={Width=537, Height=410}, Max={Width=2500, Height=2500})
80568;Bâche à bulles pour piscine brazilia - 180µ - bleu;<strong>Descriptif : </strong> Bâche à bulles bleu pour piscine Brazilia octogonale - Préserve la propreté de votre bassin - Absorbe l'énergie solaire - Rétention de la chaleur accumulée - Élimine l'évaporation d'eau - Évite la photosynthèse - Réduit l'utilisation des produits chimiques - Maintient la température la nuit.<br><strong>Matière : </strong> Polyéthylène.<br><strong>Dimensions de la bâche : </strong> 5.33 x 3.33 m.<br><strong>Colisage : </strong> 1 colis : - ,68 x ,56 x ,52 m, 3 kg.<br>;4452;3700746438507;;Media invalide | Les dimensions de l''image "1593191684_1206_61834_vue0.jpg" ne sont pas supportées (Min={Width=537, Height=410}, Max={Width=2500, Height=2500})
80569;Bâche à bulles pour piscine sao paulo - 180 µ - bleu;<strong>Descriptif : </strong> Bâche à bulles bleu pour piscine Sao Paulo octogonale - Préserve la propreté de votre bassin - Absorbe l'énergie solaire - Rétention de la chaleur accumulée - Élimine l'évaporation d'eau - Évite la photosynthèse - Réduit l'utilisation des produits chimiques - Maintient la température la nuit.<br><strong>Matière : </strong> Polyéthylène.<br><strong>Dimensions de la bâche : </strong> 6.04 x 3.54 m.<br><strong>Colisage : </strong> 1 colis : - 1 x 1 x 1 m, 1 kg.<br>;4452;3700746438514;;Media invalide | Les dimensions de l''image "1593191685_1206_61834_vue0.jpg" ne sont pas supportées (Min={Width=537, Height=410}, Max={Width=2500, Height=2500})
80571;Bâche à bulles pour baléares / cancun - 180 µ - bleu;<br /><strong>Descriptif : </strong> Bâche à bulles bleu pour Baléares / Cancun octogonale - Préserve la propreté de votre bassin - Absorbe l'énergie solaire - Rétention de la chaleur accumulée - Élimine l'évaporation d'eau - Évite la photosynthèse - Réduit l'utilisation des produits chimiques - Maintient la température la nuit.<br><strong>Matière : </strong> Polyéthylène 180 µ.<br><strong>Dimensions de la bâche : </strong> 6.00 x 3.90 m.<br><strong>Colisage : </strong> 1 colis : - 68 x 56 x 52 m, 4 kg.<br>;4452;3700746438538;;Media invalide | Les dimensions de l''image "1593191686_bache_ete_max.jpg" ne sont pas supportées (Min={Width=537, Height=410}, Max={Width=2500, Height=2500})
80572;Bâche à  bulles pour piscine florida - 180 µ - bleu;<strong>Descriptif : </strong> Bâche à bulles bleu pour Florida octogonale - Préserve la propreté de votre bassin - Absorbe l'énergie solaire - Rétention de la chaleur accumulée - Élimine l'évaporation d'eau - Évite la photosynthèse - Réduit l'utilisation des produits chimiques - Maintient la température la nuit.<br><strong>Matière : </strong> Polyéthylène 180 µ.<br><strong>Dimensions de la bâche : </strong> 6.04 x 4.04 m.<br><strong>Colisage : </strong> 1 colis : - 1 x 1 x 1 m, 10 kg.<br>;4452;3700746438545;;Media invalide | Les dimensions de l''image "1593191687_1206_61834_vue0.jpg" ne sont pas supportées (Min={Width=537, Height=410}, Max={Width=2500, Height=2500})
80573;Bâche à bulles pour piscine ibiza / sevilla - 180 µ - bleu;<strong>Descriptif : </strong> Bâche à bulles bleu pour piscine Ibiza / Sevilla octogonale - Préserve la propreté de votre bassin - Absorbe l'énergie solaire - Rétention de la chaleur accumulée - Élimine l'évaporation d'eau - Évite la photosynthèse - Réduit l'utilisation des produits chimiques - Maintient la température la nuit.<br><strong>Matière : </strong> Polyéthylène 180 µ.<br><strong>Dimensions de la bâche : </strong> 8.04 x 4.04 m.<br><strong>Colisage : </strong> 1 colis : - 1 x 1 x 1 m, 1 kg.<br>;4452;3700746438552;;Media invalide | Les dimensions de l''image "1593191688_1206_61834_vue0.jpg" ne sont pas supportées (Min={Width=537, Height=410}, Max={Width=2500, Height=2500})
80574;Bâche hiver pour piscine venecia - 280 gr/m² - bleu;<strong>Descriptif : </strong> Bâche hiver pour piscine Venecia octogonale - ?illet tous les mètres - Bleue dessus - Livrée avec crochets plastiques hors sol - Protection de votre bassin contre salissures et feuilles - Très résistante - Légère et facile à mettre en place.<br><strong>Matière : </strong> Polyéthylène tissé 280 gr/m².<br><strong>Dimensions de la bâche : </strong> Ø 6.00 m.<br><strong>Dimensions de la piscine : </strong> Ø 5.80 m.<br><strong>Poids : </strong> 8 kg.<br><strong>Colisage : </strong> 1 colis : - 0,6 x 0,4 x 0,2 m, 8 kg.<br>;4452;3700746438569;;Media invalide | Les dimensions de l''image "1593191689_bache_hiver_max.jpg" ne sont pas supportées (Min={Width=537, Height=410}, Max={Width=2500, Height=2500})
80575;Bâche hiver pour piscine miami - 280 gr/mâ² - bleu;<strong>Descriptif : </strong> Bâche hiver pour piscine Miami octogonale allongé - ?illet tous les mètres - Bleue dessus - Livrée avec crochets plastiques hors sol - Protection de votre bassin contre salissures et feuilles - très résistante - légère et facile à mettre en place.<br><strong>Matière : </strong> Polyéthylène tissé 280 gr/m².<br><strong>Dimensions de la bâche : </strong> 5.06 x 3.56 m.<br><strong>Poids : </strong> 5 kg.<br><strong>Colisage : </strong> 1 colis : - 0,6 x 0,4 x 0,2 m, 5 kg.<br>;4452;3700746438576;;Media invalide | Les dimensions de l''image "1593191690_bache_hiver_max.jpg" ne sont pas supportées (Min={Width=537, Height=410}, Max={Width=2500, Height=2500})
80578;Bâche hiver pour piscine rio 280 g/m² - bleu;<strong>Descriptif : </strong> Bâche hiver pour piscine Rio octogonale allongée - ?illet tous les mètres - Bleue dessus - Livrée avec crochets plastiques hors sol - Protection de votre bassin contre salissures et feuilles - très résistante - légère et facile à mettre en place.<br><strong>Matière : </strong> Polyéthylène tissé 280 gr/m².<br><strong>Dimensions de la bâche : </strong> 5.80 x 3.90 m.<br><strong>Poids : </strong> 6 kg.<br><strong>Colisage : </strong> 1 colis : - 60 x 40 x 20 m, 6 kg.<br>;4452;3700746438583;;Media invalide | Les dimensions de l''image "1593191691_bache_hiver_max.jpg" ne sont pas supportées (Min={Width=537, Height=410}, Max={Width=2500, Height=2500})
80580;Bâche hiver pour piscine brazilia - 280 gr/m² - bleu;<strong>Descriptif : </strong> Bâche hiver pour piscine Brazilia octogonale allongée - ?illet tous les mètres - Bleue dessus - Livrée avec crochets plastiques hors sol - Protection de votre bassin contre salissures et feuilles - très résistante - légère et facile à mettre en place.<br><strong>Matière : </strong> Polyéthylène tissé 280 gr/m².<br><strong>Dimensions de la bâche : </strong> 6.06 x 4.06 m.<br><strong>Poids : </strong> 7 kg.<br><strong>Colisage : </strong> 1 colis : - 0,6 x 0,4 x 0,2 m, 7 kg.<br>;4452;3700746438590;;Media invalide | Les dimensions de l''image "1593191692_bache_hiver_max.jpg" ne sont pas supportées (Min={Width=537, Height=410}, Max={Width=2500, Height=2500})
80581;Bâche hiver pour piscine sao paulo - 280 gr/m² - bleu;<strong>Descriptif : </strong> Bâche hiver pour piscine Sao Paulo octogonale allongée - ?illet tous les mètres - Bleue dessus - Livrée avec crochets plastiques hors sol - Protection de votre bassin contre salissures et feuilles - très résistante - légère et facile à mettre en place.<br><strong>Matière : </strong> Polyéthylène tissé 280 gr/m².<br><strong>Dimensions de la bâche : </strong> 6.77 x 4.27 m.<br><strong>Poids : </strong> 8 kg.<br><strong>Colisage : </strong> 1 colis : - 60 x 40 x 20 m, 8 kg.<br>;4452;3700746438606;;Media invalide | Les dimensions de l''image "1593191693_bache_hiver_max.jpg" ne sont pas supportées (Min={Width=537, Height=410}, Max={Width=2500, Height=2500})
80582;Bâche hiver pour piscine palma / havana - 280 gr/m² - bleu;<strong>Descriptif : </strong> Bâche hiver pour piscine Palma / Havana octogonale allongée - ?illet tous les mètres - Bleue dessus - Livrée avec crochets plastiques hors sol - Protection de votre bassin contre salissures et feuilles - très résistante - légère et facile à mettre en place.<br><strong>Matière : </strong> Polyéthylène tissé 280 gr/m².<br><strong>Dimensions de la bâche : </strong> 7.77 x 4.27 m.<br><strong>Poids : </strong> 9 kg.<br><strong>Colisage : </strong> 1 colis : - 60 x 40 x 20 m, 9 kg.<br>;4452;3700746438613;;Media invalide | Les dimensions de l''image "1593191694_bache_hiver_max.jpg" ne sont pas supportées (Min={Width=537, Height=410}, Max={Width=2500, Height=2500})
80583;Bâche hiver pour piscine baléares / cancun 280 g/mâ² - bleu;<strong>Descriptif : </strong> Bâche hiver pour piscine Baléares / Cancun octogonale allongée - ?illet tous les mètres - Bleue dessus - Livrée avec crochets plastiques hors sol - Protection de votre bassin contre salissures et feuilles - très résistante - légère et facile à mettre en place.<br><strong>Matière : </strong> Polyéthylène tissé 280 gr/m².<br><strong>Dimensions de la bâche : </strong> 6.70 x 4.60 m.<br><strong>Poids : </strong> 9 kg.<br><strong>Colisage : </strong> 1 colis : - 0,6 x 0,4 x 0,2 m, 9 kg.<br>;4452;3700746438620;;Media invalide | Les dimensions de l''image "1593191695_bache_hiver_max.jpg" ne sont pas supportées (Min={Width=537, Height=410}, Max={Width=2500, Height=2500})
80584;Bâche hiver pour piscine florida - 280 gr/mâ² - bleu;<strong>Descriptif : </strong> Bâche hiver pour piscine Florida octogonale allongée - ?illet tous les mètres - Bleue dessus - Livrée avec crochets plastiques hors sol - Protection de votre bassin contre salissures et feuilles - très résistante - légère et facile à mettre en place - Livrée avec 36 crochets plastiques.<br><strong>Matière : </strong> Polyéthylène tissé 280 gr/m².<br><strong>Dimensions de la bâche : </strong> 6.77 x 4.77 m.<br><strong>Poids : </strong> 10 kg.<br><strong>Colisage : </strong> 1 colis : - 0,6 x 0,4 x 0,2 m, 10 kg.<br>;4452;3700746438637;;Media invalide | Les dimensions de l''image "1593191696_bache_hiver_max.jpg" ne sont pas supportées (Min={Width=537, Height=410}, Max={Width=2500, Height=2500})
80585;Bâche hiver pour piscine ibiza /  sevilla - 280 gr/m² - bleu;<strong>Descriptif : </strong> Bâche hiver pour piscine Ibiza / Sevilla octogonale allongée - ?illet tous les mètres - Bleue dessus - Livrée avec crochets plastiques hors sol - Protection de votre bassin contre salissures et feuilles - très résistante - légère et facile à mettre en place.<br><strong>Matière : </strong> Polyéthylène tissé 280 gr/m².<br><strong>Dimensions de la bâche : </strong> 8.77 x 4.77 m.<br><strong>Poids : </strong> 12 kg.<br><strong>Colisage : </strong> 1 colis : - 60 x 40 x 20 m, 12 kg.<br>;4452;3700746438644;;Media invalide | Les dimensions de l''image "1593191697_bache_hiver_max.jpg" ne sont pas supportées (Min={Width=537, Height=410}, Max={Width=2500, Height=2500})
81504;Bâche à  bulles pour piscine cordoue - 180 µ - bleu;<strong>Descriptif : </strong> Bâche à bulles bleu pour piscine Cordoue octogonale - Préserve la propreté de votre bassin - Absorbe l'énergie solaire - Rétention de la chaleur accumulée - Élimine l'évaporation d'eau - Évite la photosynthèse - Réduit l'utilisation des produits chimiques - Maintient la température la nuit.<br><strong>Matière : </strong> Polyéthylène 180 µ.<br><strong>Dimensions de la bâche : </strong> 2.96 X 1.63 m .<br><strong>Colisage : </strong> 1 colis : - 1 x 1 x 1 m, 1 kg.<br>;4452;3700746439627;;Media invalide | Les dimensions de l''image "1593191730_1206_61834_vue0.jpg" ne sont pas supportées (Min={Width=537, Height=410}, Max={Width=2500, Height=2500})
81505;Bâche à bulles pour piscine toledo - 180 µ - bleu;<strong>Descriptif : </strong> Bâche à bulles bleu pour piscine Tolédo rectangulaire - Préserve la propreté de votre bassin - Absorbe l'énergie solaire - Rétention de la chaleur accumulée - Élimine l'évaporation d'eau - Évite la photosynthèse - Réduit l'utilisation des produits chimiques - Maintient la température la nuit.<br><strong>Matière : </strong> Polyéthylène 180 µ.<br><strong>Dimensions de la bâche : </strong> 2.67 X 1.67 m .<br><strong>Colisage : </strong> 1 colis : - 1 x 1 x 1 m, 1 kg.<br>;4452;3700746439634;;Media invalide | Les dimensions de l''image "1593191731_1206_61834_vue0.jpg" ne sont pas supportées (Min={Width=537, Height=410}, Max={Width=2500, Height=2500})
81506;Bâche à bulles pour piscine lulu - 180 µ - bleu;<strong>Descriptif : </strong> Bâche à bulles bleu pour piscine Lulu carré - Préserve la propreté de votre bassin - Absorbe l'énergie solaire - Rétention de la chaleur accumulée - Élimine l'évaporation d'eau - Évite la photosynthèse - Réduit l'utilisation des produits chimiques - Maintient la température la nuit.<br><strong>Matière : </strong> Polyéthylène 180 µ.<br><strong>Dimensions de la bâche : </strong> 2 X 2 m .<br><strong>Colisage : </strong> 1 colis : - 1 x 1 x 1 m, 1 kg.<br>;4452;3700746439641;;Media invalide | Les dimensions de l''image "1593191732_1206_61834_vue0.jpg" ne sont pas supportées (Min={Width=537, Height=410}, Max={Width=2500, Height=2500})
81507;Bâche à  bulles pour piscine cordoue - 400 µ - bordée 1 coté - bleu;<br /><strong>Descriptif : </strong> Bâche à bulles bleu pour piscine Cordoue octogonale - Préserve la propreté de votre bassin - Absorbe l'énergie solaire - Rétention de la chaleur accumulée - Élimine l'évaporation d'eau - Évite la photosynthèse - Réduit l'utilisation des produits chimiques - Maintient la température la nuit.<br><strong>Matière : </strong> Polyéthylène 400 µ.<br><strong>Dimensions de la bâche : </strong> 2.96 x1.63 m.<br><strong>Colisage : </strong> 1 colis : - 1 x 1 x 1 m, 1 kg.<br>;4452;3700746439658;;Media invalide | Les dimensions de l''image "1593191733_bache_ete_max.jpg" ne sont pas supportées (Min={Width=537, Height=410}, Max={Width=2500, Height=2500})
81508;Bâche à bulles pour piscine toledo - 400 µ - bordée 1 coté - bleu;<br /><strong>Descriptif : </strong> Bâche à bulles bleu pour piscine Toledo rectangulaire - Préserve la propreté de votre bassin - Absorbe l'énergie solaire - Rétention de la chaleur accumulée - Élimine l'évaporation d'eau - Évite la photosynthèse - Réduit l'utilisation des produits chimiques - Maintient la température la nuit.<br><strong>Matière : </strong> Polyéthylène 400 µ.<br><strong>Dimensions de la bâche : </strong> 2.67 x 1.67 m.<br><strong>Colisage : </strong> 1 colis : - 1 x 1 x 1 m, 1 kg.<br>;4452;3700746439665;;Media invalide | Les dimensions de l''image "1593191734_bache_ete_max.jpg" ne sont pas supportées (Min={Width=537, Height=410}, Max={Width=2500, Height=2500})
81509;Bâche à bulles pour piscine lulu - 400 µ - bordée 1 coté - bleu;<br /><strong>Descriptif : </strong> Bâche à bulles bleu pour piscine Lulu carré - Préserve la propreté de votre bassin - Absorbe l'énergie solaire - Rétention de la chaleur accumulée - Élimine l'évaporation d'eau - Évite la photosynthèse - Réduit l'utilisation des produits chimiques - Maintient la température la nuit.<br><strong>Matière : </strong> Polyéthylène 400 µ.<br><strong>Dimensions de la bâche : </strong> 2 x 2 m.<br><strong>Colisage : </strong> 1 colis : - 1 x 1 x 1 m, 1 kg.<br>;4452;3700746439672;;Media invalide | Les dimensions de l''image "1593191735_bache_ete_max.jpg" ne sont pas supportées (Min={Width=537, Height=410}, Max={Width=2500, Height=2500})
81512;Bâche hiver pour piscine cordoue - 280 gr/m² - bleu;<strong>Descriptif : </strong> Bâche hiver pour piscine Cordoue octogonale - ?illet tous les mètres - Bleu dessus - Livrée avec crochets plastiques hors sol - Protection de votre bassin contre salissures et feuilles - très résistante - légère et facile à mettre en place -.<br><strong>Matière : </strong> Polyéthylène tissé 280 gr/m².<br><strong>Dimensions de la bâche : </strong> 3.49 x 2.16 m.<br><strong>Poids : </strong> 1 kg.<br><strong>Colisage : </strong> 1 colis : - 1 x 1 x 1 m, 1 kg.<br>;4452;3700746439689;;Media invalide | Les dimensions de l''image "1593191736_bache_hiver_max.jpg" ne sont pas supportées (Min={Width=537, Height=410}, Max={Width=2500, Height=2500})
81513;Bâche hiver pour piscine toledo - 280 gr/m² - bleu;<strong>Descriptif : </strong> Bâche hiver pour piscine Toledo rectangulaire - ?illet tous les mètres - Bleu dessus - Livrée avec crochets plastiques hors sol - Protection de votre bassin contre salissures et feuilles - très résistante - légère et facile à mettre en place -.<br><strong>Matière : </strong> Polyéthylène tissé 280 gr/m².<br><strong>Dimensions de la bâche : </strong> 2 x 3 m.<br><strong>Poids : </strong> 1 kg.<br><strong>Colisage : </strong> 1 colis : - 1 x 1 x 1 m, 1 kg.<br>;4452;3700746439696;;Media invalide | Les dimensions de l''image "1593191737_bache_hiver_max.jpg" ne sont pas supportées (Min={Width=537, Height=410}, Max={Width=2500, Height=2500})
81514;Bâche hiver pour piscine lulu - 280 gr/m² - bleu;<strong>Descriptif : </strong> Bâche hiver pour piscine Lulu carré - ?illet tous les mètres - Bleu dessus - Livrée avec crochets plastiques hors sol - Protection de votre bassin contre salissures et feuilles - très résistante - légère et facile à mettre en place -.<br><strong>Matière : </strong> Polyéthylène tissé 280 gr/m².<br><strong>Dimensions de la bâche : </strong> 2.96 x 2.96 m.<br><strong>Poids : </strong> 1 kg.<br><strong>Colisage : </strong> 1 colis : - 1 x 1 x 1 m, 1 kg.<br>;4452;3700746439702;;Media invalide | Les dimensions de l''image "1593191738_bache_hiver_max.jpg" ne sont pas supportées (Min={Width=537, Height=410}, Max={Width=2500, Height=2500})
81519;Bâche hiver cover 1 pour piscine cordoue - 580 gr/m²;<strong>Descriptif : </strong> Bâche hiver pour piscine Cordoue octogonale - ?illet tous les mètres - Bleu dessus - Livrée avec crochets plastiques hors sol - Protection de votre bassin contre salissures et feuilles - Très résistante - légère et facile à mettre en place.<br><strong>Matière : </strong> PVC 580 gr/m².<br><strong>Dimensions de la piscine : </strong> 3.49 X 2.16 m.<br><strong>Poids : </strong> 1 kg.<br><strong>Colisage : </strong> 1 colis : - 1 x 1 x 1 m, 1 kg.<br>;4452;3700746439719;;Media invalide | Les dimensions de l''image "1593191739_bache_hiver_max.jpg" ne sont pas supportées (Min={Width=537, Height=410}, Max={Width=2500, Height=2500})
81521;Bâche hiver cover 1 pour piscine toledo - 580 gr/m²;<strong>Descriptif : </strong> Bâche hiver pour piscine Toledo rectangulaire - ?illet tous les mètres - Bleu dessus - Livrée avec crochets plastiques hors sol - Protection de votre bassin contre salissures et feuilles - Très résistante - légère et facile à mettre en place.<br><strong>Matière : </strong> PVC 580 gr/m².<br><strong>Dimensions de la piscine : </strong> 2 X 3 m.<br><strong>Poids : </strong> 1 kg.<br><strong>Colisage : </strong> 1 colis : - 1 x 1 x 1 m, 1 kg.<br>;4452;3700746439726;;Media invalide | Les dimensions de l''image "1593191740_bache_hiver_max.jpg" ne sont pas supportées (Min={Width=537, Height=410}, Max={Width=2500, Height=2500})
81522;Bâche hiver cover 1 pour piscine lulu - 580 gr/m²;<strong>Descriptif : </strong> Bâche hiver pour piscine Lulu carré - ?illet tous les mètres - Bleu dessus - Livrée avec crochets plastiques hors sol - Protection de votre bassin contre salissures et feuilles - Très résistante - légère et facile à mettre en place.<br><strong>Matière : </strong> PVC 580 gr/m².<br><strong>Dimensions de la bâche : </strong> 2.96 x 2.96 m.<br><strong>Dimensions de la piscine : </strong> 2.26 X 2.26 m.<br><strong>Poids : </strong> 1 kg.<br><strong>Colisage : </strong> 1 colis : - 1 x 1 x 1 m, 1 kg.<br>;4452;3700746439733;;Media invalide | Les dimensions de l''image "1593191741_bache_hiver_max.jpg" ne sont pas supportées (Min={Width=537, Height=410}, Max={Width=2500, Height=2500})
82354;Bâche à bulles pour piscine sunrise - 400 µ - bordée 1 coté - bleu;<br /><strong>Descriptif : </strong> Bâche à bulles bleu pour piscine Sunrise rectangle - Préserve la propreté de votre bassin - Absorbe l'énergie solaire - Rétention de la chaleur accumulée - Élimine l'évaporation d'eau - Évite la photosynthèse - Réduit l'utilisation des produits chimiques - Maintient la température la nuit.<br><strong>Matière : </strong> Polyéthylène 400 µ.<br><strong>Dimensions de la bâche : </strong> 7.67 x 4.67 m.<br><strong>Colisage : </strong> 1 colis : - 1 x 1 x 1 m, 1 kg.<br>;4452;3700746444508;;Media invalide | Les dimensions de l''image "1593191752_bache_ete_max.jpg" ne sont pas supportées (Min={Width=537, Height=410}, Max={Width=2500, Height=2500})
82391;Bâche à bulles pour piscine oceano - 400 µ - bordée 1 coté - bleu;<br /><strong>Descriptif : </strong> Bâche à bulles bleu pour piscine Sunrise rectangle - Préserve la propreté de votre bassin - Absorbe l'énergie solaire - Rétention de la chaleur accumulée - Élimine l'évaporation d'eau - Évite la photosynthèse - Réduit l'utilisation des produits chimiques - Maintient la température la nuit.<br><strong>Matière : </strong> Polyéthylène 400 µ.<br><strong>Dimensions de la bâche : </strong> 7.67 x 4.67 m.<br><strong>Colisage : </strong> 1 colis : - 1 x 1 x 1 m, 1 kg.<br>;4452;3700746459878;;Media invalide | Les dimensions de l''image "1593191755_bache_ete_max.jpg" ne sont pas supportées (Min={Width=537, Height=410}, Max={Width=2500, Height=2500})
82393;Bâche à bulles pour piscine murano - 400 µ - bordée 1 coté - bleu;<br /><strong>Descriptif : </strong> Bâche à bulles bleu pour piscine Sunrise rectangle - Préserve la propreté de votre bassin - Absorbe l'énergie solaire - Rétention de la chaleur accumulée - Élimine l'évaporation d'eau - Évite la photosynthèse - Réduit l'utilisation des produits chimiques - Maintient la température la nuit.<br><strong>Matière : </strong> Polyéthylène 400 µ.<br><strong>Dimensions de la bâche : </strong> 7.67 x 4.67 m.<br><strong>Colisage : </strong> 1 colis : - 1 x 1 x 1 m, 1 kg.<br>;4452;3700746459885;;Media invalide | Les dimensions de l''image "1593191756_bache_ete_max.jpg" ne sont pas supportées (Min={Width=537, Height=410}, Max={Width=2500, Height=2500})
82395;Bâche hiver pour piscine oceano - 280 gr/m² - bleu;<strong>Descriptif : </strong> Bâche hiver pour piscine Lulu carré - ?illet tous les mètres - Bleu dessus - Livrée avec crochets plastiques hors sol - Protection de votre bassin contre salissures et feuilles - très résistante - légère et facile à mettre en place -.<br><strong>Matière : </strong> Polyéthylène tissé 280 gr/m².<br><strong>Dimensions de la bâche : </strong> 2 x 2 m.<br><strong>Poids : </strong> 1 kg.<br><strong>Colisage : </strong> 1 colis : - 1 x 1 x 1 m, 1 kg.<br>;4452;3700746474642;;Media invalide | Les dimensions de l''image "1593191757_bache_hiver_max.jpg" ne sont pas supportées (Min={Width=537, Height=410}, Max={Width=2500, Height=2500})
82399;Bâche hiver cover 1 pour piscine oceano - 580 gr/m²;<strong>Descriptif : </strong> Bâche hiver pour piscine Lulu carré - ?illet tous les mètres - Bleu dessus - Livrée avec crochets plastiques hors sol - Protection de votre bassin contre salissures et feuilles - Très résistante - légère et facile à mettre en place.<br><strong>Matière : </strong> PVC 580 gr/m².<br><strong>Dimensions de la piscine : </strong> 2.24 X 2.24 m.<br><strong>Poids : </strong> 1 kg.<br><strong>Colisage : </strong> 1 colis : - 1 x 1 x 1 m, 1 kg.<br>;4452;3700746459908;;Media invalide | Les dimensions de l''image "1593191758_bache_hiver_max.jpg" ne sont pas supportées (Min={Width=537, Height=410}, Max={Width=2500, Height=2500})
82401;Bâche hiver cover 1 pour piscine murano - 580 gr/m²;<strong>Descriptif : </strong> Bâche hiver pour piscine Lulu carré - ?illet tous les mètres - Bleu dessus - Livrée avec crochets plastiques hors sol - Protection de votre bassin contre salissures et feuilles - Très résistante - légère et facile à mettre en place.<br><strong>Matière : </strong> PVC 580 gr/m².<br><strong>Dimensions de la piscine : </strong> 2.24 X 2.24 m.<br><strong>Poids : </strong> 1 kg.<br><strong>Colisage : </strong> 1 colis : - 1 x 1 x 1 m, 1 kg.<br>;4452;3700746459915;;Media invalide | Les dimensions de l''image "1593191759_bache_hiver_max.jpg" ne sont pas supportées (Min={Width=537, Height=410}, Max={Width=2500, Height=2500})
82926;Bâche à bulles pour piscine tampa - 400 µ - bordée 1 coté - bleu;<br /><strong>Descriptif : </strong> Bâche à bulles bleu pour piscine Tampa rectangle - Préserve la propreté de votre bassin - Absorbe l'énergie solaire - Rétention de la chaleur accumulée - Élimine l'évaporation d'eau - Évite la photosynthèse - Réduit l'utilisation des produits chimiques - Maintient la température la nuit.<br><strong>Matière : </strong> Polyéthylène 400 µ.<br><strong>Dimensions de la bâche : </strong> 7.67 x 4.67 m.<br><strong>Colisage : </strong> 1 colis : - 1 x 1 x 1 m, 1 kg.<br>;4452;3700746459922;;Media invalide | Les dimensions de l''image "1593191760_bache_ete_max.jpg" ne sont pas supportées (Min={Width=537, Height=410}, Max={Width=2500, Height=2500})
82927;Bâche hiver pour piscine tampa - 280 gr/m² - bleu;<strong>Descriptif : </strong> Bâche hiver pour piscine Tampa rectangle - ?illet tous les mètres - Bleu dessus - Livrée avec crochets plastiques hors sol - Protection de votre bassin contre salissures et feuilles - très résistante - légère et facile à mettre en place -.<br><strong>Matière : </strong> Polyéthylène tissé 280 gr/m².<br><strong>Dimensions de la bâche : </strong> 7.90 x 4.90 m.<br><strong>Dimensions de la piscine : </strong> 7.20 x 4.20 m.<br><strong>Poids : </strong> 1 kg.<br><strong>Colisage : </strong> 1 colis : - 1 x 1 x 1 m, 1 kg.<br>;4452;3700746459939;;Media invalide | Les dimensions de l''image "1593191761_bache_hiver_max.jpg" ne sont pas supportées (Min={Width=537, Height=410}, Max={Width=2500, Height=2500})
82928;Bâche hiver cover 1 pour piscine tampa - 580 gr/m²;<strong>Descriptif : </strong> Bâche hiver pour piscine Lulu carré - ?illet tous les mètres - Bleu dessus - Livrée avec crochets plastiques hors sol - Protection de votre bassin contre salissures et feuilles - Très résistante - légère et facile à mettre en place.<br><strong>Matière : </strong> PVC 580 gr/m².<br><strong>Dimensions de la piscine : </strong> 7.67 x 4.67 m.<br><strong>Poids : </strong> 1 kg.<br><strong>Colisage : </strong> 1 colis : - 1 x 1 x 1 m, 1 kg.<br>;4452;3700746459946;;Media invalide | Les dimensions de l''image "1593191762_bache_hiver_max.jpg" ne sont pas supportées (Min={Width=537, Height=410}, Max={Width=2500, Height=2500})
83947;Chaises evoque - blanc - lot de 4;<strong>Type de produits : </strong> Chaises.<br><strong>Structure + matière : </strong> Fer chromé - PU.<br><strong>Dossier : </strong> Densité 28 kg.<br><strong>Assise : </strong> Densité 32 kg.<br><strong>Pied : </strong> Acier chromé.<br><strong>Dimensions (L x l x H cm) : </strong> 51 x 60 x 86.5 cm.<br><strong>Coloris : </strong> Blanc.<br><strong>Poids : </strong> 7.75 kg.<br><strong>Colisage : </strong> 1 colis : - 0,5 x 0,69 x 0,56 m, 8,25 kg.<br>;4452;3700746486294;;Media invalide | Les dimensions de l''image "1593191789_chaise-83947_Taille_2.jpg" ne sont pas supportées (Min={Width=537, Height=410}, Max={Width=2500, Height=2500})
89185;Bâche hiver pour piscine hawai - 280 gr/m²;<br /><strong>Descriptif : </strong> Bâche hiver pour piscine Hawaï hexagonale - Ourlet de renfort - Sandow périphérique - Trous d'évacuation des eaux pluviales - Traité anti-UV - Oeillet tous les 80 cm environ.<br><strong>Matière : </strong> PVC 580 gr/m².<br><strong>Dimensions de la piscine : </strong> Ø 4.10 m.<br><strong>Colisage : </strong> 1 colis : - 1 x 1 x 1 m, 5 kg.<br>;4452;3700746462304;;Media invalide | Les dimensions de l''image "1593192103_bache_hiver_max.jpg" ne sont pas supportées (Min={Width=537, Height=410}, Max={Width=2500, Height=2500})
95424;Bâche hiver pour piscine lima - 280 gr/m² - bleu;<strong>Descriptif : </strong> Bâche hiver pour piscine Lima octogonale allongée - ?illet tous les mètres - Bleue dessus - Livrée avec crochets plastiques hors sol - Protection de votre bassin contre salissures et feuilles - très résistante - légère et facile à mettre en place.<br><strong>Matière : </strong> Polyéthylène tissé 280 gr/m².<br><strong>Dimensions de la bâche : </strong> 10.50 x 3.17 m.<br><strong>Colisage : </strong> 1 colis : - 1 x 1 x 1 m, 20 kg.<br>;4452;3700746471092;;Media invalide | Les dimensions de l''image "1593192684_bache_hiver_max.jpg" ne sont pas supportées (Min={Width=537, Height=410}, Max={Width=2500, Height=2500})
95425;Bâche hiver pour piscine santiago - 280 gr/m² - bleu;<strong>Descriptif : </strong> Bâche hiver pour piscine Santiago octogonale allongée - ?illet tous les mètres - Bleue dessus - Livrée avec crochets plastiques hors sol - Protection de votre bassin contre salissures et feuilles - très résistante - légère et facile à mettre en place.<br><strong>Matière : </strong> Polyéthylène tissé 280 gr/m².<br><strong>Dimensions de la bâche : </strong> 7.85 x 4.04 m.<br><strong>Colisage : </strong> 1 colis : - 1 x 1 x 1 m, 20 kg.<br>;4452;3700746485624;;Media invalide | Les dimensions de l''image "1593192685_bache_hiver_max.jpg" ne sont pas supportées (Min={Width=537, Height=410}, Max={Width=2500, Height=2500})
