100084,warning,"Retrait automatique EAN Vide","Retiré par la règle de retrait automatique EAN Vide"
100085,warning,"Retrait automatique EAN Vide","Retiré par la règle de retrait automatique EAN Vide"
100483,warning,"Retrait automatique EAN Vide","Retiré par la règle de retrait automatique EAN Vide"
101506,warning,"Retrait automatique EAN Vide","Retiré par la règle de retrait automatique EAN Vide"
101510,warning,"Retrait automatique EAN Vide","Retiré par la règle de retrait automatique EAN Vide"
101511,warning,"Retrait automatique EAN Vide","Retiré par la règle de retrait automatique EAN Vide"
101512,warning,"Retrait automatique EAN Vide","Retiré par la règle de retrait automatique EAN Vide"
104745,warning,"Retrait automatique EAN Vide","Retiré par la règle de retrait automatique EAN Vide"
106027,warning,"Retrait automatique EAN Vide","Retiré par la règle de retrait automatique EAN Vide"
106161,warning,"Retrait automatique EAN Vide","Retiré par la règle de retrait automatique EAN Vide"
106162,warning,"Retrait automatique EAN Vide","Retiré par la règle de retrait automatique EAN Vide"
106164,warning,"Retrait automatique EAN Vide","Retiré par la règle de retrait automatique EAN Vide"
106260,warning,"Retrait automatique EAN Vide","Retiré par la règle de retrait automatique EAN Vide"
114468,warning,"Retrait automatique EAN Vide","Retiré par la règle de retrait automatique EAN Vide"
114469,warning,"Retrait automatique EAN Vide","Retiré par la règle de retrait automatique EAN Vide"
25564,warning,"Retrait automatique EAN Vide","Retiré par la règle de retrait automatique EAN Vide"
25568,warning,"Retrait automatique EAN Vide","Retiré par la règle de retrait automatique EAN Vide"
25569,warning,"Retrait automatique EAN Vide","Retiré par la règle de retrait automatique EAN Vide"
25695,warning,"Retrait automatique EAN Vide","Retiré par la règle de retrait automatique EAN Vide"
25696,warning,"Retrait automatique EAN Vide","Retiré par la règle de retrait automatique EAN Vide"
25697,warning,"Retrait automatique EAN Vide","Retiré par la règle de retrait automatique EAN Vide"
25698,warning,"Retrait automatique EAN Vide","Retiré par la règle de retrait automatique EAN Vide"
25699,warning,"Retrait automatique EAN Vide","Retiré par la règle de retrait automatique EAN Vide"
25700,warning,"Retrait automatique EAN Vide","Retiré par la règle de retrait automatique EAN Vide"
25701,warning,"Retrait automatique EAN Vide","Retiré par la règle de retrait automatique EAN Vide"
25702,warning,"Retrait automatique EAN Vide","Retiré par la règle de retrait automatique EAN Vide"
25703,warning,"Retrait automatique EAN Vide","Retiré par la règle de retrait automatique EAN Vide"
27702,warning,"Retrait automatique EAN Vide","Retiré par la règle de retrait automatique EAN Vide"
39227,warning,"Retrait automatique EAN Vide","Retiré par la règle de retrait automatique EAN Vide"
41441,warning,"Retrait automatique EAN Vide","Retiré par la règle de retrait automatique EAN Vide"
51119,warning,"Retrait automatique EAN Vide","Retiré par la règle de retrait automatique EAN Vide"
52507,warning,"Retrait automatique EAN Vide","Retiré par la règle de retrait automatique EAN Vide"
55194,warning,"Retrait automatique EAN Vide","Retiré par la règle de retrait automatique EAN Vide"
57280,warning,"Retrait automatique EAN Vide","Retiré par la règle de retrait automatique EAN Vide"
57281,warning,"Retrait automatique EAN Vide","Retiré par la règle de retrait automatique EAN Vide"
68528,warning,"Retrait automatique EAN Vide","Retiré par la règle de retrait automatique EAN Vide"
82398,warning,"Retrait automatique EAN Vide","Retiré par la règle de retrait automatique EAN Vide"
83586,warning,"Retrait automatique EAN Vide","Retiré par la règle de retrait automatique EAN Vide"
89922,warning,"Retrait automatique EAN Vide","Retiré par la règle de retrait automatique EAN Vide"
93042,warning,"Retrait automatique EAN Vide","Retiré par la règle de retrait automatique EAN Vide"
93683,warning,"Retrait automatique EAN Vide","Retiré par la règle de retrait automatique EAN Vide"
94099,warning,"Retrait automatique EAN Vide","Retiré par la règle de retrait automatique EAN Vide"
94102,warning,"Retrait automatique EAN Vide","Retiré par la règle de retrait automatique EAN Vide"
94103,warning,"Retrait automatique EAN Vide","Retiré par la règle de retrait automatique EAN Vide"
94127,warning,"Retrait automatique EAN Vide","Retiré par la règle de retrait automatique EAN Vide"
95308,warning,"Retrait automatique EAN Vide","Retiré par la règle de retrait automatique EAN Vide"
95309,warning,"Retrait automatique EAN Vide","Retiré par la règle de retrait automatique EAN Vide"
95312,warning,"Retrait automatique EAN Vide","Retiré par la règle de retrait automatique EAN Vide"
95315,warning,"Retrait automatique EAN Vide","Retiré par la règle de retrait automatique EAN Vide"
95316,warning,"Retrait automatique EAN Vide","Retiré par la règle de retrait automatique EAN Vide"
95317,warning,"Retrait automatique EAN Vide","Retiré par la règle de retrait automatique EAN Vide"
95318,warning,"Retrait automatique EAN Vide","Retiré par la règle de retrait automatique EAN Vide"
95319,warning,"Retrait automatique EAN Vide","Retiré par la règle de retrait automatique EAN Vide"
95347,warning,"Retrait automatique EAN Vide","Retiré par la règle de retrait automatique EAN Vide"
95348,warning,"Retrait automatique EAN Vide","Retiré par la règle de retrait automatique EAN Vide"
95426,warning,"Retrait automatique EAN Vide","Retiré par la règle de retrait automatique EAN Vide"
